{"cameraMode":{"drawMode":0,"name":"Shaded","section":"Shading Mode"},"sceneLighting":true,"audioPlay":false,"sceneViewState":{"m_AlwaysRefresh":false,"showFog":true,"showSkybox":true,"showFlares":true,"showImageEffects":true,"showParticleSystems":true,"showVisualEffectGraphs":true,"m_FxEnabled":true},"in2DMode":false,"pivot":{"x":-0.03787091374397278,"y":0.8505535125732422,"z":0.055842846632003787},"rotation":{"x":0.3586677014827728,"y":0.017416182905435563,"z":-0.0067067877389490608,"w":0.933294951915741},"size":1.016843318939209,"orthographic":false}